{
    "epoch": 150,
    "val_loss": 0.0838424563407898,
    "timestamp": "2025-02-24 08:11:53.290151"
}